time_local;userid;lat;lon
14.11.2017 6:37;user1;37.2691755;-119.3066075
28.9.2017 22:48;user1;37.2691755;-119.3066075
14.11.2016 0:44;user1;37.2691755;-119.3066075
26.6.2010 6:37;user1;38.398927;-122.8273625
26.6.2010 2:50;user1;38.398927;-122.8273625
25.6.2010 23:02;user1;38.398927;-122.8273625
27.10.2016 1:02;user1;37.7706565;-122.4359785
4.4.2016 20:27;user1;38.2970715;-122.306264
11.12.2017 9:13;user1;37.7706565;-122.4359785
11.12.2017 21:27;user1;37.4972935;-122.2329345
2.11.2016 2:41;user1;37.7706565;-122.4359785
1.2.2017 23:04;user1;37.7706565;-122.4359785
6.11.2015 17:53;user1;37.7706565;-122.4359785
9.9.2017 3:08;user1;37.7706565;-122.4359785
29.5.2017 4:23;user1;37.7706565;-122.4359785
20.12.2017 3:06;user1;37.7706565;-122.4359785
12.12.2013 21:43;user1;37.7706565;-122.4359785
27.10.2016 0:55;user1;37.7706565;-122.4359785
24.2.2012 0:33;user1;37.7706565;-122.4359785
23.2.2012 23:03;user1;37.7706565;-122.4359785
1.9.2017 0:31;user1;37.7706565;-122.4359785
22.8.2017 15:23;user1;37.7706565;-122.4359785
15.3.2018 4:18;user1;37.7706565;-122.4359785
8.6.2019 23:57;user1;36.0609645;-115.1351649
8.6.2019 1:44;user1;36.13641255;-115.1288465
2.6.2019 14:26;user1;6.270882997653;-75.6192130002448
2.6.2019 14:25;user1;6.270882997653;-75.6192130002448
21.5.2019 21:39;user1;6.270882997653;-75.6192130002448
23.3.2019 16:11;user1;4.26228350281215;-74.2436709985792
23.3.2019 15:48;user1;4.26228350281215;-74.2436709985792
21.12.2018 3:23;user1;37.7706565;-122.4359785
13.12.2018 5:57;user1;37.7706565;-122.4359785
28.11.2018 16:28;user1;37.7706565;-122.4359785
16.11.2018 20:40;user1;37.7706565;-122.4359785
15.3.2018 4:55;user1;37.7706565;-122.4359785
14.11.2018 4:46;user1;36.0609645;-115.1351649
14.11.2018 4:45;user1;36.0609645;-115.1351649
13.11.2018 16:57;user1;36.0609645;-115.1351649
12.11.2018 22:38;user1;36.0609645;-115.1351649
11.10.2018 23:49;user1;37.7706565;-122.4359785
4.10.2018 5:32;user1;37.7706565;-122.4359785
9.9.2018 3:11;user1;40.780709;-73.9685415
3.8.2018 17:31;user1;37.7706565;-122.4359785
8.7.2018 2:28;user1;37.7706565;-122.4359785
4.7.2018 16:56;user1;37.7706565;-122.4359785
6.6.2018 16:14;user1;37.4972935;-122.2329345
5.6.2018 18:24;user1;37.4972935;-122.2329345
15.3.2018 4:18;user1;37.7706565;-122.4359785
13.4.2018 14:51;user1;37.7706565;-122.4359785
11.4.2018 18:49;user1;37.4972935;-122.2329345
31.3.2018 2:29;user1;35.6310385;-120.67429
30.3.2018 15:29;user1;35.6310385;-120.67429
28.3.2018 5:09;user1;37.7706565;-122.4359785
26.3.2018 6:09;user1;37.7706565;-122.4359785
18.3.2018 19:32;user1;37.7706565;-122.4359785
26.2.2018 21:47;user1;38.5617218;-121.469664
16.2.2018 18:32;user1;38.5617218;-121.469664
13.2.2018 16:12;user1;37.68653;-122.41849805
3.2.2018 17:28;user1;37.7706565;-122.4359785
3.2.2018 2:02;user1;37.7706565;-122.4359785
2.2.2018 16:01;user1;37.7706565;-122.4359785
12.1.2018 2:19;user1;37.7706565;-122.4359785
23.12.2017 20:24;user1;37.7706565;-122.4359785
23.12.2017 20:21;user1;37.7706565;-122.4359785
20.12.2017 3:07;user1;37.7706565;-122.4359785
19.12.2017 5:53;user1;37.7706565;-122.4359785
12.12.2017 18:32;user1;37.4972935;-122.2329345
12.12.2017 18:30;user1;37.4972935;-122.2329345
23.9.2017 15:56;user1;37.7706565;-122.4359785
2.12.2017 4:15;user1;37.7706565;-122.4359785
8.11.2017 3:53;user1;37.7706565;-122.4359785
1.11.2017 1:25;user1;37.7706565;-122.4359785
11.10.2017 5:19;user1;37.7706565;-122.4359785
8.10.2017 1:12;user1;37.7706565;-122.4359785
4.10.2017 19:16;user1;41.83358445;-87.732013
4.10.2017 18:16;user1;41.83358445;-87.732013
29.9.2017 20:48;user1;49.257639;-123.123581
29.9.2017 16:26;user1;49.257639;-123.123581
27.9.2017 15:59;user1;37.7706565;-122.4359785
20.9.2017 21:22;user1;38.6202045;-122.86418905
9.9.2017 21:02;user1;37.7706565;-122.4359785
22.8.2017 18:49;user1;37.7706565;-122.4359785
15.8.2017 16:01;user1;37.7706565;-122.4359785
6.2.2017 2:48;user1;37.7706565;-122.4359785
8.6.2017 15:20;user1;37.7706565;-122.4359785
1.6.2017 20:09;user1;37.7706565;-122.4359785
24.5.2017 22:14;user1;37.7706565;-122.4359785
11.5.2017 19:34;user1;37.7706565;-122.4359785
8.7.2016 17:24;user1;37.7706565;-122.4359785
16.2.2017 1:40;user1;37.7706565;-122.4359785
3.2.2017 22:57;user1;37.7706565;-122.4359785
1.2.2017 23:08;user1;37.7706565;-122.4359785
25.1.2017 16:23;user1;38.1159235;-122.5156015
27.10.2016 1:00;user1;37.7706565;-122.4359785
24.11.2016 1:26;user1;34.429885;-119.701636
23.11.2016 23:41;user1;34.2896895;-119.2289915
27.10.2016 0:52;user1;37.7706565;-122.4359785
27.10.2016 0:49;user1;37.7706565;-122.4359785
26.9.2016 15:32;user1;29.982601;-90.011008
26.8.2016 20:54;user1;37.7706565;-122.4359785
25.7.2016 4:30;user1;49.257639;-123.123581
17.7.2016 2:04;user1;37.7706565;-122.4359785
31.5.2016 15:24;user1;37.7706565;-122.4359785
10.6.2016 2:33;user1;37.7919941;-122.2286855
10.6.2016 2:32;user1;37.7919941;-122.2286855
4.6.2016 5:13;user1;38.505472;-122.99320795
28.5.2016 5:56;user1;37.7706565;-122.4359785
27.5.2016 23:49;user1;37.7706565;-122.4359785
27.5.2016 23:36;user1;37.7706565;-122.4359785
27.5.2016 23:29;user1;37.7706565;-122.4359785
21.4.2016 4:46;user1;37.7706565;-122.4359785
30.1.2016 20:25;user1;37.7706565;-122.4359785
1.4.2016 4:49;user1;37.7706565;-122.4359785
1.3.2016 8:16;user1;37.7706565;-122.4359785
3.1.2016 3:08;user1;37.7706565;-122.4359785
1.3.2016 7:06;user1;37.7706565;-122.4359785
16.1.2016 18:34;user1;39.251176;-121.0060582
31.12.2015 16:50;user1;37.7706565;-122.4359785
3.1.2016 3:07;user1;37.7706565;-122.4359785
29.12.2015 17:22;user1;37.7706565;-122.4359785
22.11.2015 5:54;user1;37.7706565;-122.4359785
21.12.2015 19:22;user1;37.7706565;-122.4359785
21.12.2015 19:21;user1;37.7706565;-122.4359785
19.12.2015 18:12;user1;37.7706565;-122.4359785
22.11.2015 5:52;user1;37.7706565;-122.4359785
25.11.2015 20:49;user1;37.7706565;-122.4359785
25.11.2015 20:48;user1;37.7706565;-122.4359785
19.11.2015 7:25;user1;37.7706565;-122.4359785
16.11.2015 22:36;user1;37.7706565;-122.4359785
31.10.2015 22:50;user1;37.7706565;-122.4359785
29.10.2015 5:02;user1;37.7706565;-122.4359785
29.10.2015 5:01;user1;37.7706565;-122.4359785
22.10.2015 23:06;user1;37.7706565;-122.4359785
18.10.2015 21:08;user1;38.4695215;-123.016603
2.10.2015 2:17;user1;37.7706565;-122.4359785
23.9.2015 16:49;user1;37.7706565;-122.4359785
29.6.2015 2:20;user1;37.7706565;-122.4359785
24.6.2015 20:18;user1;37.7706565;-122.4359785
12.6.2015 15:53;user1;37.7706565;-122.4359785
18.3.2014 22:47;user1;37.7541245;-122.28203
21.2.2014 17:43;user1;37.7541245;-122.28203
23.12.2013 5:19;user1;37.7706565;-122.4359785
18.12.2013 17:30;user1;37.7706565;-122.4359785
4.12.2013 22:25;user1;37.7706565;-122.4359785
18.12.2013 1:04;user1;37.7706565;-122.4359785
17.12.2013 21:52;user1;37.7706565;-122.4359785
4.12.2013 1:56;user1;37.7706565;-122.4359785
20.11.2013 21:45;user1;37.7706565;-122.4359785
29.2.2012 2:32;user1;37.7706565;-122.4359785
25.2.2012 3:17;user1;37.7706565;-122.4359785
23.2.2012 23:01;user1;37.7706565;-122.4359785
23.2.2012 22:51;user1;37.7706565;-122.4359785
29.3.2011 22:37;user1;41.882311;-87.637317
29.3.2011 22:19;user1;41.898719;-87.623971
29.3.2011 17:20;user1;41.88397349;-87.63732682
18.3.2011 1:51;user1;30.267593;-97.740823
16.3.2011 20:11;user1;30.26399717;-97.73304462
14.3.2011 22:57;user1;30.2663138;-97.73749173
14.3.2011 22:04;user1;30.2626257;-97.73999691
14.3.2011 22:04;user1;30.2626257;-97.73999691
14.3.2011 5:13;user1;30.26678639;-97.75218487
13.3.2011 21:20;user1;30.269483;-97.736167
7.3.2011 23:51;user1;37.787305;-122.398037
13.3.2011 4:54;user1;30.2645161;-97.74141312
1.3.2011 3:17;user1;30.26610994;-97.74593532
20.2.2011 16:33;user1;-34.6012166;-58.3824007
19.2.2011 21:55;user1;-34.588129;-58.425477
19.2.2011 21:23;user1;-34.60368262;-58.41089487
19.2.2011 16:05;user1;-34.60368262;-58.41089487
19.2.2011 15:53;user1;-34.60368262;-58.41089487
18.2.2011 22:48;user1;-34.55695897;-58.41400892
18.2.2011 19:17;user1;-33.39687316;-70.79388142
17.2.2011 19:44;user1;-33.327249;-71.385175
16.2.2011 23:30;user1;-33.3946676;-70.5993993
15.2.2011 22:08;user1;-33.41496496;-70.58844566
15.2.2011 20:30;user1;-33.41409;-70.59849
15.2.2011 19:24;user1;-33.41601;-70.59532
14.2.2011 13:39;user1;-33.374239;-71.291127
12.2.2011 13:51;user1;-33.39687316;-70.79388142
11.2.2011 21:29;user1;37.61640706;-122.38623619
10.2.2011 20:55;user1;37.80362;-122.399777
1.2.2011 1:18;user1;38.492578;-122.742337
16.1.2011 4:12;user1;37.78045006;-122.3935318
2.1.2011 21:35;user1;37.800706;-122.438854
1.1.2011 5:36;user1;37.7887;-122.398
22.12.2010 20:46;user1;37.7958;-122.402
27.11.2010 1:18;user1;35.5776689;-120.7379245
11.11.2010 6:28;user1;37.800727;-122.438683
6.11.2010 17:11;user1;37.80046668;-122.4390009
5.11.2010 4:00;user1;37.795197;-122.415143
3.11.2010 17:51;user1;37.78896318;-122.40211487
18.9.2010 19:06;user1;49.2747607;-123.1228824
15.9.2010 4:50;user1;49.276602;-123.125374
17.5.2012 2:12;user1;37.79978122;-122.43807793
25.10.2013 11:44;user1;25.25042128;55.35785437
27.6.2013 4:23;user1;37.76713379;-122.42862812
4.10.2011 3:16;user1;37.76720345;-122.428552
12.6.2011 6:28;user1;37.7468;-122.419
30.3.2011 0:42;user1;41.8923476;-87.6268018
3.4.2015 1:50;user1;37.8000997;-122.43871361
21.4.2011 19:31;user1;37.78967071;-122.40150413
10.4.2011 6:10;user1;37.79990796;-122.43866883
23.12.2010 10:24;user1;37.80004;-122.439146
30.11.2013 23:52;user1;35.57695609;-120.79330799
31.8.2012 19:50;user1;38.56421113;-122.87291
23.2.2015 16:44;user1;37.79996706;-122.43851225
23.6.2011 3:33;user1;37.787104;-122.397421
13.1.2017 18:12;user1;47.599218;-122.333634
16.9.2016 21:06;user1;37.78686273;-122.40676535
12.6.2011 3:58;user1;37.79987695;-122.43855804
15.5.2014 4:50;user1;37.80093897;-122.44354158
15.5.2014 3:42;user1;37.7902537;-122.40730822
14.8.2014 1:25;user1;37.77549598;-122.41321529
15.6.2014 6:03;user1;37.79995364;-122.43856592
23.12.2012 0:31;user1;38.3196826;-122.47502922
26.10.2012 0:13;user1;42.274269;-83.73464746
25.3.2014 4:27;user1;37.78048177;-122.4223627
18.5.2012 1:58;user1;37.79978122;-122.43807793
29.8.2015 1:58;user1;37.7991333;-122.43546295
13.3.2014 2:02;user1;37.77829605;-122.40122289
26.4.2011 16:37;user1;37.80108388;-122.43472697
9.1.2015 17:50;user1;38.86975206;-77.05492973
6.3.2015 16:26;user1;37.79954678;-122.43616308
31.5.2014 17:47;user1;40.72036653;-73.96432015
30.5.2014 23:32;user1;40.67735561;-73.99819071
26.11.2011 0:05;user1;35.64970313;-120.54173582
25.11.2011 22:50;user1;35.665047;-120.644271
19.11.2011 6:39;user1;33.4157988;-111.93600064
7.10.2011 19:26;user1;37.798021;-122.435678
12.5.2014 3:02;user1;37.79936855;-122.43884748
6.9.2011 22:45;user1;37.7929;-122.40483463
2.11.2016 1:36;user1;37.80598223;-122.4160677
12.6.2011 3:56;user1;37.79990128;-122.43862289
12.6.2011 3:55;user1;37.79874992;-122.44071215
26.5.2011 7:35;user1;37.79837983;-122.44062322
10.12.2013 2:33;user1;37.792384;-122.404098
20.1.2013 1:51;user1;37.79106587;-122.4382925
7.6.2011 23:43;user1;37.79979985;-122.43896124
9.4.2015 5:31;user1;37.79971684;-122.43857707
1.4.2015 2:12;user1;37.412667;-122.124869
13.2.2015 0:29;user1;40.74008854;-73.99517436
19.4.2015 15:31;user1;47.43202626;19.2608411
28.9.2010 23:35;user1;37.804;-122.403
25.1.2017 18:12;user1;38.57841374;-121.48859352
23.12.2016 3:49;user1;37.77557726;-122.41950306
22.5.2015 21:40;user1;37.78170371;-122.40393128
14.5.2015 0:24;user1;33.75874141;-84.39150454
10.4.2015 1:40;user1;37.61160449;-122.38973951
13.5.2015 0:50;user1;33.75445967;-84.37242508
10.5.2015 18:54;user1;37.61482554;-122.38432568
10.5.2015 18:52;user1;37.61451911;-122.38361777
10.5.2015 18:50;user1;37.61486977;-122.38360339
23.4.2015 17:06;user1;52.480502;13.43175
29.9.2018 23:12;user1;37.80483898;-122.32422334
15.7.2018 15:46;user1;51.50711486;-0.12731805
4.7.2018 23:14;user1;37.7552;-122.4528
31.5.2018 1:28;user1;37.81003277;-122.26923756
31.5.2018 2:27;user1;37.80049756;-122.27420032
5.5.2018 4:23;user1;37.77954818;-122.42095294
21.4.2018 2:32;user1;37.776826;-122.414071
6.1.2018 17:48;user1;51.54227181;-0.14766516
5.1.2018 10:20;user1;55.9494;-3.1603
4.1.2018 18:06;user1;56.01410387;-4.36314886
2.6.2017 1:20;user1;37.76784485;-122.42902076
9.8.2017 0:41;user1;37.9128;-122.3465
17.7.2017 12:07;user1;38.901493;-77.03768
6.9.2016 16:11;user1;37.792169;-122.397925
13.11.2015 2:52;user1;37.77641929;-122.42127836
20.4.2017 1:31;user1;37.75932462;-122.38787996
31.3.2017 0:18;user1;37.78805682;-122.40184154
8.11.2016 23:33;user1;37.75917059;-122.43628193
31.10.2016 18:24;user1;37.776104;-122.418559
21.7.2016 17:53;user1;48.504339;-124.308998
20.7.2016 17:29;user1;48.50063282;-124.30202007
23.2.2015 17:11;user1;37.8000746;-122.4385341
16.1.2016 17:39;user1;39.25944455;-121.02009065
6.2.2016 0:35;user1;37.7818565;-122.4042358
9.1.2016 14:34;user1;38.89757947;-77.03866482
14.12.2015 14:32;user1;43.64961555;-79.37650943
16.11.2015 22:32;user1;37.8059017;-122.42859364
22.2.2015 20:01;user1;37.8000672;-122.44162093
15.2.2015 3:28;user1;35.650648;-120.678118
8.2.2015 17:59;user1;40.716034;-73.96485
3.10.2015 1:55;user1;37.78444812;-122.40364373
4.9.2015 22:37;user1;37.78272515;-122.40956966
8.2.2015 15:50;user1;40.73753536;-74.003886
3.6.2015 4:57;user1;37.77871698;-122.41660172
1.6.2015 14:48;user1;37.80006646;-122.43838898
1.6.2015 5:06;user1;37.79993491;-122.43854865
1.6.2015 4:35;user1;37.79991772;-122.43866704
1.6.2015 4:33;user1;37.79992742;-122.43854234
30.5.2015 18:38;user1;37.8000687;-122.44154624
30.5.2015 1:50;user1;37.79986108;-122.43850553
10.5.2015 18:50;user1;37.61463764;-122.38335634
7.5.2015 15:35;user1;37.78579527;-122.41643812
28.4.2015 13:53;user1;50.09711484;7.1539958
13.4.2015 15:29;user1;50.10324955;14.45066939
13.4.2015 15:24;user1;50.10326012;14.45028165
10.4.2015 18:00;user1;60.31857604;24.96814728
10.4.2015 1:29;user1;37.61171284;-122.39020935
10.4.2015 1:10;user1;37.61168826;-122.39019584
9.4.2015 21:56;user1;37.78498447;-122.39772137
9.4.2015 5:42;user1;37.79998734;-122.43847615
9.4.2015 5:39;user1;37.79988784;-122.43866806
9.4.2015 5:36;user1;37.79990182;-122.43854643
8.4.2015 22:00;user1;37.77990144;-122.38965571
8.4.2015 16:11;user1;37.8010269;-122.42736183
8.4.2015 16:09;user1;37.80019382;-122.43949355
3.4.2015 1:55;user1;37.79988513;-122.43861333
26.3.2015 5:09;user1;37.4123126;-122.1248166
25.3.2015 4:23;user1;37.7849192;-122.41892787
24.3.2015 19:49;user1;37.78157125;-122.40349805
1.3.2015 3:03;user1;35.27480251;-120.65708159
20.3.2015 3:34;user1;37.42034;-122.10222688
17.3.2015 19:40;user1;37.39413986;-122.14773218
13.3.2015 5:09;user1;37.79985709;-122.438703
13.3.2015 5:03;user1;37.79993734;-122.43865232
13.3.2015 5:03;user1;37.79991782;-122.43859545
24.2.2015 21:24;user1;37.78179731;-122.40380027
22.10.2014 2:25;user1;37.78316351;-122.40653515
24.2.2015 21:10;user1;37.7818276;-122.40388558
24.2.2015 0:50;user1;37.79994543;-122.43846106
22.2.2015 19:53;user1;37.8000129;-122.44161864
22.2.2015 19:55;user1;37.80005441;-122.44163461
17.2.2015 0:46;user1;37.7867235;-122.40685913
17.2.2015 0:39;user1;37.7869592;-122.40701727
13.2.2015 0:26;user1;40.74007653;-73.99506798
24.1.2015 23:18;user1;37.7841037;-122.41245747
9.1.2015 19:49;user1;38.87099;-77.05596
26.12.2014 23:03;user1;38.41934682;-122.70969334
9.12.2014 17:46;user1;37.79232149;-122.41035508
28.11.2014 3:17;user1;35.62707568;-120.67175504
22.11.2014 6:57;user1;21.28076124;-157.82947998
26.8.2014 1:17;user1;37.78023815;-122.42181301
29.8.2014 1:31;user1;37.78693774;-122.41275553
30.10.2014 4:02;user1;37.78402854;-122.43054152
5.10.2014 0:36;user1;37.800207;-122.437696
2.10.2014 5:34;user1;37.77626597;-122.42053727
28.9.2014 22:30;user1;37.30750938;-122.18145567
13.9.2014 2:51;user1;37.765762;-122.421985
12.9.2014 2:30;user1;37.78742003;-122.39935756
10.9.2014 1:33;user1;37.79916532;-122.43916162
8.9.2014 0:43;user1;37.79961409;-122.43872928
8.9.2014 0:31;user1;37.79989086;-122.43850239
24.8.2014 0:31;user1;35.7180757;-120.61623329
20.8.2014 1:51;user1;37.78075009;-122.40844998
16.8.2014 1:37;user1;37.78202644;-122.40396275
16.5.2014 9:53;user1;33.26562062;-117.43335811
27.5.2014 0:02;user1;37.76713379;-122.42862812
28.6.2014 22:00;user1;38.42402271;-122.85901929
22.6.2014 21:21;user1;37.80078932;-122.43686212
20.6.2014 2:05;user1;37.79035582;-122.40707293
19.6.2014 1:33;user1;37.78184072;-122.40406752
16.6.2014 20:39;user1;37.78188283;-122.40378672
30.5.2014 16:03;user1;40.74006625;-73.99486825
8.6.2014 0:10;user1;38.44532078;-122.86547184
1.6.2014 1:26;user1;40.7354051;-73.95524025
21.5.2014 2:10;user1;37.78630225;-122.40902761
11.5.2014 16:08;user1;37.80008751;-122.4416895
2.5.2014 18:27;user1;37.78185769;-122.40419392
25.4.2014 3:30;user1;37.78135436;-122.40621347
13.4.2014 5:47;user1;37.797689;-122.422321
15.4.2014 2:19;user1;37.79979621;-122.4074457
13.4.2014 19:29;user1;37.80060401;-122.43775239
28.3.2014 0:23;user1;37.78185848;-122.40371388
22.3.2014 2:41;user1;37.79999878;-122.43846048
23.11.2013 1:26;user1;37.78102319;-122.40255599
9.2.2014 2:32;user1;34.926874;-120.436527
11.1.2014 3:09;user1;37.78250929;-122.40808178
28.12.2013 16:54;user1;37.80074764;-122.43623257
22.12.2013 6:22;user1;37.78757591;-122.42003952
2.11.2013 21:16;user1;41.02930494;28.97303931
1.11.2013 18:04;user1;41.0347366;28.97836298
1.11.2013 15:23;user1;41.01055612;28.96788955
30.10.2013 18:03;user1;41.02930494;28.97303931
29.10.2013 18:52;user1;25.19722357;55.27420163
28.10.2013 9:15;user1;25.118469;55.198717
20.8.2013 20:32;user1;37.78184072;-122.40406752
21.10.2013 18:02;user1;37.78184072;-122.40406752
23.8.2013 16:50;user1;37.78580903;-122.40574122
23.8.2013 2:50;user1;37.78986;-122.39966
26.8.2013 0:33;user1;37.71269;-122.38664
15.8.2013 22:47;user1;38.13747;-120.45937
10.8.2013 20:37;user1;37.77858;-122.39002
26.7.2013 5:59;user1;39.17499534;-122.98101347
25.5.2013 20:03;user1;37.77833859;-122.3894012
14.7.2013 0:27;user1;38.44093;-122.41175
27.6.2013 3:14;user1;37.76088961;-122.43500076
16.6.2013 17:31;user1;37.79722;-122.43699
8.6.2013 1:55;user1;37.78692353;-122.40128374
7.6.2013 3:21;user1;37.78799767;-122.4405614
7.6.2013 1:07;user1;37.78338397;-122.40348816
6.5.2011 7:44;user1;37.79988897;-122.43860211
10.4.2013 2:48;user1;37.800343;-122.43850465
3.4.2013 6:17;user1;37.779048;-122.392024
29.3.2013 1:37;user1;37.76016051;-122.41402764
9.3.2013 23:21;user1;35.17940498;-120.73422598
9.3.2013 17:43;user1;35.636449;-120.687567
12.1.2013 4:07;user1;37.76809;-122.424204
23.12.2012 20:48;user1;38.3196826;-122.47502922
19.12.2012 6:17;user1;37.799992;-122.438522
4.12.2012 19:05;user1;37.406817;-122.073809
21.10.2012 3:17;user1;37.776267;-122.420594
31.10.2012 0:58;user1;37.791005;-122.402869
28.10.2012 0:13;user1;37.818403;-122.372846
21.10.2012 6:20;user1;37.76809;-122.424204
14.10.2012 20:02;user1;37.71613647;-122.38519679
13.10.2012 2:49;user1;37.78742003;-122.39935756
14.4.2011 19:28;user1;37.787196;-122.397983
19.8.2012 2:05;user1;37.79976426;-122.4409318
10.4.2011 6:32;user1;37.79989006;-122.43860889
12.7.2012 0:43;user1;37.790253;-122.40731895
6.3.2012 4:58;user1;37.799891;-122.438628
27.5.2012 2:17;user1;37.765522;-122.413194
14.4.2012 0:41;user1;37.797339;-122.403141
31.3.2012 1:52;user1;37.78706392;-122.40826786
18.3.2012 3:02;user1;37.755311;-122.41941301
11.3.2012 0:03;user1;35.5881085;-120.721364
3.4.2011 20:05;user1;37.79992077;-122.4385263
2.3.2012 20:31;user1;37.77858451;-122.39323139
23.12.2011 6:00;user1;37.76515382;-122.418324
18.12.2011 1:46;user1;38.42401425;-122.85929765
17.12.2011 4:02;user1;37.786767;-122.436933
3.12.2011 4:03;user1;37.765522;-122.413194
27.11.2011 0:31;user1;35.604942;-120.716755
20.11.2011 4:05;user1;33.414383;-111.93616363
19.11.2011 23:06;user1;33.430854;-111.941728
12.11.2011 20:50;user1;37.735528;-122.50760078
25.10.2011 0:53;user1;37.781722;-122.43232459
22.10.2011 18:40;user1;37.82181873;-122.529589
2.10.2011 4:33;user1;38.47676785;-122.436452
2.10.2011 0:53;user1;38.475547;-122.438068
1.10.2011 23:45;user1;38.48855138;-122.450096
17.8.2011 22:54;user1;37.792526;-122.40409
10.8.2011 6:27;user1;37.79978122;-122.43807793
20.7.2011 21:11;user1;37.83738617;-122.47875094
16.7.2011 22:11;user1;37.764215;-122.3868
26.6.2011 3:05;user1;37.8698131;-122.2677014
25.6.2011 17:32;user1;37.7494991;-122.4317094
20.6.2011 2:59;user1;37.79978122;-122.43807793
6.6.2011 19:24;user1;37.787196;-122.397983
2.6.2011 6:28;user1;37.7624707;-122.4216322
1.6.2011 23:44;user1;37.80669851;-122.46923447
26.5.2011 7:13;user1;37.79981663;-122.43837856
21.5.2011 20:41;user1;37.7757632;-122.4466995
20.5.2011 23:08;user1;37.79223103;-122.39913558
17.5.2011 2:06;user1;37.7974584;-122.3938537
12.5.2011 1:38;user1;37.77549776;-122.44985819
4.5.2011 4:17;user1;37.80012444;-122.43857916
4.5.2011 3:06;user1;37.7999241;-122.43854162
4.5.2011 3:00;user1;37.79990976;-122.43862534
3.5.2011 3:19;user1;37.79992839;-122.43858164
3.5.2011 3:03;user1;37.79986289;-122.43867418
2.5.2011 5:46;user1;37.79992259;-122.43859011
9.4.2011 23:22;user1;37.7950892;-122.4731235
3.4.2011 20:03;user1;37.79980852;-122.43844415
30.3.2011 13:56;user1;41.97978415;-87.91081718
19.8.2010 7:23;user1;37.8060205;-122.4369931
11.8.2010 16:56;user1;37.79214948;-122.3956026
20.7.2010 15:02;user1;37.5246785;-122.21175835
17.7.2010 4:10;user1;37.5246785;-122.21175835
10.7.2010 16:50;user1;37.5246785;-122.21175835
2.7.2010 4:36;user1;37.8060205;-122.4369931
11.7.2010 23:19;user1;37.5246785;-122.21175835
23.4.2016 18:33;user1;37.7608680831509;-122.416228901193
2.10.2015 2:31;user1;37.773517590936;-122.415981888771
24.4.2016 15:26;user3;44.14543645;-120.5834015
24.4.2016 3:02;user3;44.14543645;-120.5834015
23.4.2016 19:35;user3;44.14543645;-120.5834015
23.4.2016 16:31;user3;44.14543645;-120.5834015
6.1.2016 4:28;user3;37.2691755;-119.3066075
6.1.2016 4:27;user3;37.2691755;-119.3066075
15.1.2016 18:52;user3;37.7706565;-122.4359785
7.9.2016 3:06;user3;36.786042;-119.7824645
2.9.2016 23:59;user3;37.5991865;-120.865481
16.8.2016 16:54;user3;33.7405385;-116.361297
12.8.2016 14:38;user3;37.7706565;-122.4359785
10.8.2016 6:07;user3;37.7706565;-122.4359785
9.8.2016 11:48;user3;36.786042;-119.7824645
5.8.2016 18:05;user3;36.786042;-119.7824645
5.8.2016 6:05;user3;36.786042;-119.7824645
4.8.2016 11:10;user3;37.7706565;-122.4359785
2.8.2016 23:24;user3;37.7706565;-122.4359785
4.8.2016 2:11;user3;37.7706565;-122.4359785
3.8.2016 15:31;user3;37.7706565;-122.4359785
3.8.2016 15:40;user3;37.7706565;-122.4359785
3.11.2018 20:56;user3;37.7706565;-122.4359785
3.8.2016 15:35;user3;37.7706565;-122.4359785
3.8.2016 15:25;user3;37.7706565;-122.4359785
3.8.2016 7:21;user3;37.7706565;-122.4359785
3.6.2016 5:31;user3;37.7706565;-122.4359785
1.8.2016 21:49;user3;37.7706565;-122.4359785
7.7.2016 19:50;user3;38.5833145;-122.5794455
2.7.2016 16:16;user3;37.7706565;-122.4359785
27.5.2016 6:21;user3;37.7706565;-122.4359785
9.2.2016 16:38;user3;37.7706565;-122.4359785
27.5.2016 6:21;user3;37.7706565;-122.4359785
27.5.2016 6:16;user3;37.7706565;-122.4359785
27.5.2016 6:11;user3;37.7706565;-122.4359785
24.4.2016 18:56;user3;45.53640175;-122.63090815
13.4.2016 20:01;user3;37.552481;-122.3154215
30.12.2015 2:30;user3;37.7706565;-122.4359785
3.7.2016 22:08;user3;37.39685295;-122.0814425
3.7.2016 22:04;user3;37.39685295;-122.0814425
2.7.2016 16:12;user3;37.7706565;-122.4359785
25.6.2016 18:39;user3;37.7706565;-122.4359785
27.5.2016 6:09;user3;37.7706565;-122.4359785
30.12.2015 2:29;user3;37.7706565;-122.4359785
30.12.2015 2:07;user3;37.7706565;-122.4359785
14.5.2016 2:52;user3;37.7706565;-122.4359785
26.8.2016 0:58;user3;36.786042;-119.7824645
14.5.2016 0:54;user3;37.7706565;-122.4359785
14.5.2016 0:53;user3;37.7706565;-122.4359785
13.4.2016 20:01;user3;37.552481;-122.3154215
13.4.2016 19:59;user3;37.552481;-122.3154215
31.3.2016 18:08;user3;37.5861127;-122.36737735
26.8.2016 0:55;user3;36.786042;-119.7824645
10.8.2016 5:59;user3;37.7706565;-122.4359785
4.8.2016 0:28;user3;37.7706565;-122.4359785
5.4.2016 14:08;user3;37.7706565;-122.4359785
31.3.2016 18:13;user3;37.5861127;-122.36737735
8.9.2016 9:05;user3;36.786042;-119.7824645
31.3.2016 18:03;user3;37.5861127;-122.36737735
8.9.2016 9:00;user3;36.786042;-119.7824645
3.8.2016 15:36;user3;37.7706565;-122.4359785
24.9.2016 23:09;user3;38.910337;1.4236604
24.9.2016 17:33;user3;38.90439275;1.3001548
16.9.2016 18:02;user3;51.498387;-0.216108
16.9.2016 18:00;user3;51.498387;-0.216108
13.9.2016 4:36;user3;37.7706565;-122.4359785
13.9.2016 2:13;user3;37.7706565;-122.4359785
12.9.2016 2:35;user3;37.7706565;-122.4359785
24.6.2016 4:03;user3;37.7706565;-122.4359785
30.12.2015 17:48;user3;37.7706565;-122.4359785
24.12.2015 17:09;user3;37.7706565;-122.4359785
1.8.2016 11:45;user3;37.7706565;-122.4359785
3.8.2016 15:29;user3;37.7706565;-122.4359785
30.12.2015 18:48;user3;37.7706565;-122.4359785
30.12.2015 18:31;user3;37.7706565;-122.4359785
30.12.2015 2:06;user3;37.7706565;-122.4359785
29.12.2015 17:05;user3;37.7706565;-122.4359785
23.12.2015 17:11;user3;37.7706565;-122.4359785
8.12.2015 6:53;user3;37.7706565;-122.4359785
7.9.2016 21:53;user3;36.786042;-119.7824645
9.9.2016 9:42;user3;37.7706565;-122.4359785
8.9.2016 9:06;user3;36.786042;-119.7824645
8.2.2016 19:06;user3;37.7706565;-122.4359785
16.1.2016 21:14;user3;37.7706565;-122.4359785
1.8.2016 17:11;user3;37.7706565;-122.4359785
1.8.2016 12:03;user3;37.7706565;-122.4359785
1.8.2016 11:50;user3;37.7706565;-122.4359785
1.8.2016 11:48;user3;37.7706565;-122.4359785
1.8.2016 11:47;user3;37.7706565;-122.4359785
30.7.2016 18:27;user3;37.7706565;-122.4359785
30.7.2016 18:24;user3;37.7706565;-122.4359785
30.7.2016 18:23;user3;37.7706565;-122.4359785
30.7.2016 18:22;user3;37.7706565;-122.4359785
13.1.2016 18:45;user3;37.7706565;-122.4359785
29.7.2016 0:01;user3;37.7706565;-122.4359785
13.1.2016 18:44;user3;37.7706565;-122.4359785
28.7.2016 17:00;user3;37.7706565;-122.4359785
28.7.2016 16:59;user3;37.7706565;-122.4359785
22.7.2016 17:14;user3;37.7706565;-122.4359785
22.7.2016 17:11;user3;37.7706565;-122.4359785
18.7.2016 16:11;user3;33.7405385;-116.361297
18.7.2016 16:01;user3;33.7405385;-116.361297
18.7.2016 7:21;user3;33.7405385;-116.361297
14.7.2016 5:20;user3;33.7405385;-116.361297
30.6.2016 18:11;user3;37.552481;-122.3154215
30.6.2016 18:10;user3;37.552481;-122.3154215
24.6.2016 5:22;user3;37.7706565;-122.4359785
24.6.2016 5:20;user3;37.7706565;-122.4359785
24.6.2016 4:04;user3;37.7706565;-122.4359785
4.6.2016 13:05;user3;37.7706565;-122.4359785
3.6.2016 5:29;user3;37.7706565;-122.4359785
3.6.2016 5:27;user3;37.7706565;-122.4359785
3.6.2016 5:25;user3;37.7706565;-122.4359785
2.6.2016 6:22;user3;37.7706565;-122.4359785
1.6.2016 14:25;user3;37.7706565;-122.4359785
1.6.2016 14:24;user3;37.7706565;-122.4359785
30.5.2016 20:38;user3;37.7706565;-122.4359785
28.5.2016 2:51;user3;37.7706565;-122.4359785
27.5.2016 19:33;user3;37.552481;-122.3154215
26.5.2016 12:57;user3;37.7706565;-122.4359785
26.5.2016 6:26;user3;37.7706565;-122.4359785
26.5.2016 6:25;user3;37.7706565;-122.4359785
25.5.2016 14:05;user3;37.7706565;-122.4359785
25.5.2016 14:04;user3;37.7706565;-122.4359785
13.3.2016 21:50;user3;37.7706565;-122.4359785
25.5.2016 13:54;user3;37.7706565;-122.4359785
25.5.2016 13:45;user3;37.7706565;-122.4359785
25.5.2016 13:39;user3;37.7706565;-122.4359785
13.3.2016 21:50;user3;37.7706565;-122.4359785
20.5.2016 5:13;user3;37.7706565;-122.4359785
20.5.2016 3:03;user3;37.7706565;-122.4359785
27.4.2016 7:31;user3;37.7706565;-122.4359785
25.4.2016 3:52;user3;37.7706565;-122.4359785
13.4.2016 21:07;user3;37.552481;-122.3154215
13.4.2016 21:07;user3;37.552481;-122.3154215
10.4.2016 20:32;user3;37.7706565;-122.4359785
31.3.2016 18:38;user3;37.5861127;-122.36737735
31.3.2016 18:37;user3;37.5861127;-122.36737735
31.3.2016 17:55;user3;37.5861127;-122.36737735
31.3.2016 17:53;user3;37.5861127;-122.36737735
31.3.2016 1:29;user3;37.5861127;-122.36737735
2.3.2016 2:35;user3;37.7706565;-122.4359785
9.2.2016 16:44;user3;37.7706565;-122.4359785
6.2.2016 18:05;user3;37.7706565;-122.4359785
5.2.2016 22:51;user3;37.7706565;-122.4359785
15.1.2016 3:31;user3;37.7706565;-122.4359785
15.1.2016 3:23;user3;37.7706565;-122.4359785
15.1.2016 3:22;user3;37.7706565;-122.4359785
30.12.2015 19:10;user3;37.7706565;-122.4359785
1.1.2016 0:13;user3;37.7706565;-122.4359785
30.12.2015 18:04;user3;37.7706565;-122.4359785
30.12.2015 17:56;user3;37.7706565;-122.4359785
30.12.2015 2:30;user3;37.7706565;-122.4359785
30.12.2015 0:27;user3;37.7706565;-122.4359785
29.12.2015 17:12;user3;37.7706565;-122.4359785
29.12.2015 1:30;user3;37.7706565;-122.4359785
24.12.2015 17:27;user3;37.7706565;-122.4359785
24.12.2015 17:11;user3;37.7706565;-122.4359785
24.12.2015 17:07;user3;37.7706565;-122.4359785
24.12.2015 17:07;user3;37.7706565;-122.4359785
23.12.2015 23:39;user3;37.7706565;-122.4359785
14.12.2015 16:37;user3;20.58453065;-87.3469822
8.12.2015 7:06;user3;37.7706565;-122.4359785
8.12.2015 6:58;user3;37.7706565;-122.4359785
8.12.2015 6:53;user3;37.7706565;-122.4359785
8.12.2015 6:51;user3;37.7706565;-122.4359785
8.12.2015 5:59;user3;37.7706565;-122.4359785
18.11.2015 20:30;user3;37.7706565;-122.4359785
13.11.2015 3:19;user3;37.7706565;-122.4359785
13.11.2015 3:18;user3;37.7706565;-122.4359785
12.11.2015 20:40;user3;37.7706565;-122.4359785
11.11.2015 4:21;user3;37.7706565;-122.4359785
10.11.2015 22:04;user3;37.7706565;-122.4359785
10.11.2015 2:30;user3;37.7706565;-122.4359785
3.11.2015 21:25;user3;40.780709;-73.9685415
3.11.2015 18:42;user3;40.780709;-73.9685415
3.11.2015 18:40;user3;40.780709;-73.9685415
3.11.2015 18:37;user3;40.780709;-73.9685415
18.6.2013 20:03;user3;52.52049345;13.39415573
5.11.2015 5:11;user3;40.7284459;-74.00529632
28.1.2017 19:42;user3;37.79338;-122.4225
27.1.2017 19:46;user3;37.8018122;-122.26975083
20.1.2017 17:19;user3;37.76171111;-122.43511944
17.12.2016 1:40;user3;37.795272;-122.27658
14.9.2016 3:47;user3;37.615608;-122.389544
27.9.2016 18:59;user3;37.84070296;-122.2917611
26.9.2016 14:07;user3;51.47083142;-0.45931932
24.9.2016 14:10;user3;38.86776006;1.3173908
23.9.2016 8:01;user3;38.9;1.43333
17.9.2016 13:28;user3;51.15916437;-0.17781059
31.1.2014 11:24;user3;37.76148705;-122.43584633
31.1.2014 11:22;user3;37.765227;-122.418318
6.5.2014 20:42;user3;37.76876257;-122.39487249
11.5.2014 18:40;user3;37.41951213;-122.21191736
15.5.2014 8:07;user3;60.17001618;24.94853154
2.4.2014 0:13;user3;33.94654628;-118.40718985
4.12.2013 0:10;user3;34.1533143;-118.4657555
4.12.2013 0:09;user3;34.1533143;-118.4657555
4.12.2013 0:12;user3;34.1533143;-118.4657555
26.6.2013 14:42;user3;37.76088961;-122.43500076
19.9.2013 17:52;user3;37.77176675;-122.40421541
18.9.2013 21:28;user3;37.918091;-122.31357515
26.6.2013 16:08;user3;37.76156;-122.43573
4.6.2013 1:17;user3;37.7615598;-122.4357919
3.6.2013 16:02;user3;37.76096389;-122.43460046
2.6.2013 9:30;user3;51.517964;-0.2008568
25.5.2013 5:14;user3;37.76156711;-122.43578046
20.5.2016 2:08;user3;37.7877096831564;-122.403678868985
31.3.2016 17:00;user3;37.5930062686792;-122.367375463165
3.11.2015 14:57;user3;40.7069414389506;-74.0110409259796
6.12.2013 13:31;user4;32.8198585;-96.7617535
6.12.2013 13:24;user4;32.8198585;-96.7617535
7.12.2013 16:30;user4;32.8198585;-96.7617535
16.12.2013 17:02;user4;32.8198585;-96.7617535
12.11.2015 23:44;user4;32.8198585;-96.7617535
16.12.2013 18:13;user4;32.8198585;-96.7617535
19.2.2014 17:42;user4;32.8198585;-96.7617535
8.12.2013 21:29;user4;32.8198585;-96.7617535
16.12.2013 18:03;user4;32.8198585;-96.7617535
15.12.2013 13:38;user4;32.8198585;-96.7617535
31.12.2015 17:44;user4;32.8198585;-96.7617535
23.5.2019 2:59;user2;38.997936;-105.5508905
23.5.2019 3:45;user2;38.997936;-105.5508905
23.5.2019 2:59;user2;38.997936;-105.5508905
31.3.2019 21:26;user2;44.14543645;-120.5834015
26.3.2019 17:22;user2;37.2691755;-119.3066075
26.3.2019 17:22;user2;37.2691755;-119.3066075
26.3.2019 17:21;user2;37.2691755;-119.3066075
26.3.2019 17:20;user2;37.2691755;-119.3066075
26.3.2019 17:18;user2;37.2691755;-119.3066075
29.12.2018 7:59;user2;37.2691755;-119.3066075
6.2.2019 0:01;user2;37.2691755;-119.3066075
6.2.2019 0:02;user2;37.2691755;-119.3066075
6.2.2019 0:59;user2;37.2691755;-119.3066075
5.2.2019 21:28;user2;37.2691755;-119.3066075
16.1.2019 21:55;user2;37.2691755;-119.3066075
16.1.2019 18:48;user2;37.2691755;-119.3066075
10.1.2019 2:45;user2;37.2691755;-119.3066075
29.12.2018 5:30;user2;37.2691755;-119.3066075
29.12.2018 7:58;user2;37.2691755;-119.3066075
29.12.2018 7:57;user2;37.2691755;-119.3066075
29.12.2018 6:16;user2;37.2691755;-119.3066075
3.12.2018 0:42;user2;37.2691755;-119.3066075
3.12.2018 0:42;user2;37.2691755;-119.3066075
2.12.2018 10:58;user2;41.19328165;28.9649756
3.12.2018 0:41;user2;37.2691755;-119.3066075
25.11.2018 10:53;user2;55.32542815;37.8630768
25.11.2018 10:53;user2;55.32542815;37.8630768
25.11.2018 10:42;user2;55.32542815;37.8630768
25.11.2018 10:40;user2;55.32542815;37.8630768
22.11.2018 10:43;user2;55.32542815;37.8630768
28.5.2019 19:10;user2;40.655138;-73.9487755
12.5.2019 0:22;user2;37.6412705;-122.0857755
11.5.2019 2:36;user2;37.6412705;-122.0857755
28.2.2019 16:18;user2;37.7706565;-122.4359785
31.1.2019 19:32;user2;37.7706565;-122.4359785
18.1.2019 10:07;user2;37.7706565;-122.4359785
8.11.2018 11:52;user2;38.74361385;-9.15999515
10.12.2018 18:54;user2;37.7706565;-122.4359785
16.11.2018 19:22;user2;38.74361385;-9.15999515
3.6.2019 1:53;user2;40.780709;-73.9685415
2.6.2019 5:20;user2;40.780709;-73.9685415
23.5.2019 9:58;user2;40.780709;-73.9685415
10.5.2019 17:53;user2;37.7919941;-122.2286855
20.5.2019 5:31;user2;37.7706565;-122.4359785
6.5.2019 0:17;user2;37.7706565;-122.4359785
5.5.2019 6:47;user2;37.7706565;-122.4359785
29.4.2019 23:52;user2;37.7706565;-122.4359785
24.4.2019 15:52;user2;37.7706565;-122.4359785
7.4.2019 21:37;user2;18.3841655;-66.058368
18.4.2019 23:32;user2;37.7706565;-122.4359785
17.4.2019 23:07;user2;37.7706565;-122.4359785
4.6.2019 5:28;user2;40.780709;-73.9685415
30.5.2019 23:13;user2;40.780709;-73.9685415
2.5.2019 6:51;user2;37.7706565;-122.4359785
9.5.2019 0:20;user2;37.7919941;-122.2286855
20.3.2019 20:42;user2;38.74361385;-9.15999515
16.3.2019 18:27;user2;38.74361385;-9.15999515
27.4.2019 17:44;user2;37.7919941;-122.2286855
27.3.2019 12:37;user2;44.0599381;-121.311582
25.3.2019 0:26;user2;38.74361385;-9.15999515
25.3.2019 0:24;user2;38.74361385;-9.15999515
16.3.2019 11:29;user2;38.74361385;-9.15999515
24.3.2019 19:09;user2;38.74361385;-9.15999515
4.6.2019 0:31;user2;40.780709;-73.9685415
19.3.2019 17:38;user2;38.74361385;-9.15999515
19.3.2019 9:00;user2;38.74361385;-9.15999515
18.3.2019 9:46;user2;38.74361385;-9.15999515
17.3.2019 19:38;user2;38.74361385;-9.15999515
15.3.2019 17:11;user2;38.74361385;-9.15999515
23.5.2019 9:58;user2;40.780709;-73.9685415
27.5.2019 0:06;user2;40.655138;-73.9487755
27.5.2019 0:06;user2;40.655138;-73.9487755
26.5.2019 4:27;user2;40.780709;-73.9685415
14.5.2019 15:29;user2;40.780709;-73.9685415
12.5.2019 15:40;user2;37.6412705;-122.0857755
17.3.2019 9:38;user2;38.74361385;-9.15999515
10.5.2019 6:11;user2;37.7919941;-122.2286855
9.5.2019 14:55;user2;37.7919941;-122.2286855
15.3.2019 10:18;user2;38.74361385;-9.15999515
15.3.2019 10:11;user2;38.74361385;-9.15999515
6.3.2019 17:05;user2;38.74361385;-9.15999515
6.3.2019 17:04;user2;38.74361385;-9.15999515
15.3.2019 10:10;user2;38.74361385;-9.15999515
14.3.2019 23:35;user2;38.74361385;-9.15999515
16.4.2019 19:22;user2;37.7706565;-122.4359785
14.3.2019 23:29;user2;38.74361385;-9.15999515
27.2.2019 17:00;user2;37.7706565;-122.4359785
3.2.2019 6:14;user2;37.7706565;-122.4359785
14.3.2019 8:55;user2;38.74361385;-9.15999515
13.3.2019 18:40;user2;38.74361385;-9.15999515
19.11.2018 7:23;user2;38.74361385;-9.15999515
18.11.2018 23:27;user2;38.74361385;-9.15999515
13.3.2019 18:36;user2;38.74361385;-9.15999515
13.3.2019 18:36;user2;38.74361385;-9.15999515
13.3.2019 18:35;user2;38.74361385;-9.15999515
13.3.2019 18:34;user2;38.74361385;-9.15999515
13.3.2019 18:33;user2;38.74361385;-9.15999515
7.5.2019 18:59;user2;37.7706565;-122.4359785
6.3.2019 17:03;user2;38.74361385;-9.15999515
6.3.2019 1:01;user2;38.74361385;-9.15999515
5.3.2019 1:02;user2;38.74361385;-9.15999515
18.11.2018 23:24;user2;38.74361385;-9.15999515
18.11.2018 17:42;user2;38.74361385;-9.15999515
17.11.2018 8:15;user2;38.74361385;-9.15999515
4.3.2019 22:24;user2;38.74361385;-9.15999515
16.11.2018 20:55;user2;38.74361385;-9.15999515
16.11.2018 18:51;user2;38.74361385;-9.15999515
4.11.2018 16:30;user2;38.74361385;-9.15999515
9.4.2019 19:59;user2;18.3841655;-66.058368
4.11.2018 12:55;user2;38.74361385;-9.15999515
10.11.2018 12:52;user2;38.74361385;-9.15999515
9.11.2018 21:25;user2;38.74361385;-9.15999515
8.4.2019 22:36;user2;18.3841655;-66.058368
6.11.2018 5:55;user2;38.74361385;-9.15999515
6.11.2018 1:49;user2;38.74361385;-9.15999515
1.3.2019 21:37;user2;37.715782;-122.0664725
24.2.2019 19:39;user2;37.715782;-122.0664725
12.1.2019 20:19;user2;37.7706565;-122.4359785
23.2.2019 8:45;user2;37.7706565;-122.4359785
23.2.2019 8:44;user2;37.7706565;-122.4359785
4.1.2019 5:17;user2;11.9609099;120.18803735
5.6.2019 13:33;user2;40.67087955;-73.8311875
3.6.2019 20:58;user2;40.780709;-73.9685415
15.12.2018 5:09;user2;42.9398155;-71.534209
13.12.2018 8:05;user2;37.7706565;-122.4359785
3.6.2019 2:07;user2;40.780709;-73.9685415
3.6.2019 2:05;user2;40.780709;-73.9685415
4.6.2019 17:27;user2;40.780709;-73.9685415
5.6.2019 14:05;user2;40.67087955;-73.8311875
10.6.2019 12:11;user2;42.9398155;-71.534209
10.6.2019 11:56;user2;42.9398155;-71.534209
10.6.2019 3:32;user2;42.9398155;-71.534209
9.6.2019 14:58;user2;41.758579;-70.61075565
8.6.2019 12:24;user2;41.587261;-70.577523
7.6.2019 14:40;user2;41.587261;-70.577523
5.6.2019 20:42;user2;42.0845665;-71.0267745
5.6.2019 20:35;user2;42.11857735;-71.1034526
5.6.2019 14:05;user2;40.67087955;-73.8311875
7.6.2019 13:35;user2;41.587261;-70.577523
7.6.2019 4:53;user2;41.587261;-70.577523
5.6.2019 19:43;user2;42.3253925;-71.2136825
6.6.2019 22:54;user2;41.587261;-70.577523
6.6.2019 21:09;user2;41.587261;-70.577523
6.6.2019 20:01;user2;41.6336915;-70.493085
5.6.2019 19:14;user2;42.3253925;-71.2136825
6.6.2019 14:32;user2;41.587261;-70.577523
6.6.2019 13:06;user2;41.587261;-70.577523
6.6.2019 13:05;user2;41.587261;-70.577523
5.6.2019 11:27;user2;40.780709;-73.9685415
5.6.2019 10:32;user2;40.780709;-73.9685415
4.6.2019 18:27;user2;40.780709;-73.9685415
4.6.2019 17:28;user2;40.780709;-73.9685415
3.6.2019 1:52;user2;40.780709;-73.9685415
4.6.2019 5:45;user2;40.780709;-73.9685415
4.6.2019 5:44;user2;40.780709;-73.9685415
4.6.2019 1:25;user2;40.780709;-73.9685415
4.6.2019 0:41;user2;40.780709;-73.9685415
3.6.2019 12:10;user2;40.780709;-73.9685415
3.6.2019 10:33;user2;40.780709;-73.9685415
3.6.2019 1:51;user2;40.780709;-73.9685415
3.6.2019 2:08;user2;40.780709;-73.9685415
3.6.2019 1:55;user2;40.780709;-73.9685415
2.6.2019 21:15;user2;40.780709;-73.9685415
3.6.2019 1:50;user2;40.780709;-73.9685415
2.6.2019 20:12;user2;40.780709;-73.9685415
2.6.2019 19:16;user2;40.780709;-73.9685415
2.6.2019 19:13;user2;40.780709;-73.9685415
2.6.2019 19:10;user2;40.780709;-73.9685415
2.6.2019 18:41;user2;40.780709;-73.9685415
2.6.2019 15:15;user2;40.780709;-73.9685415
2.6.2019 13:13;user2;40.780709;-73.9685415
2.6.2019 5:28;user2;40.780709;-73.9685415
2.6.2019 5:21;user2;40.780709;-73.9685415
31.5.2019 17:22;user2;40.780709;-73.9685415
1.6.2019 16:44;user2;40.780709;-73.9685415
31.5.2019 15:59;user2;40.780709;-73.9685415
31.5.2019 15:58;user2;40.780709;-73.9685415
31.5.2019 15:43;user2;40.780709;-73.9685415
31.5.2019 15:43;user2;40.780709;-73.9685415
30.5.2019 23:14;user2;40.780709;-73.9685415
31.5.2019 13:50;user2;40.780709;-73.9685415
31.5.2019 13:49;user2;40.780709;-73.9685415
30.5.2019 23:15;user2;40.780709;-73.9685415
30.5.2019 20:39;user2;40.780709;-73.9685415
30.5.2019 20:39;user2;40.780709;-73.9685415
30.5.2019 20:38;user2;40.780709;-73.9685415
30.5.2019 19:55;user2;40.780709;-73.9685415
30.5.2019 13:23;user2;40.655138;-73.9487755
30.5.2019 13:21;user2;40.655138;-73.9487755
30.5.2019 2:13;user2;40.655138;-73.9487755
29.5.2019 20:11;user2;40.655138;-73.9487755
29.5.2019 20:09;user2;40.655138;-73.9487755
29.5.2019 16:06;user2;40.655138;-73.9487755
29.5.2019 16:03;user2;40.655138;-73.9487755
29.5.2019 14:39;user2;40.655138;-73.9487755
29.5.2019 14:18;user2;40.655138;-73.9487755
28.5.2019 4:32;user2;40.780709;-73.9685415
28.5.2019 22:54;user2;40.655138;-73.9487755
28.5.2019 5:16;user2;40.780709;-73.9685415
28.5.2019 19:09;user2;40.655138;-73.9487755
28.5.2019 19:06;user2;40.655138;-73.9487755
28.5.2019 17:14;user2;40.655138;-73.9487755
28.5.2019 15:11;user2;40.655138;-73.9487755
28.5.2019 13:06;user2;40.655138;-73.9487755
28.5.2019 13:02;user2;40.655138;-73.9487755
28.5.2019 5:16;user2;40.780709;-73.9685415
28.5.2019 4:32;user2;40.780709;-73.9685415
27.5.2019 0:40;user2;40.655138;-73.9487755
27.5.2019 0:45;user2;40.655138;-73.9487755
27.5.2019 0:45;user2;40.655138;-73.9487755
26.5.2019 13:59;user2;40.655138;-73.9487755
26.5.2019 13:57;user2;40.655138;-73.9487755
26.5.2019 4:25;user2;40.780709;-73.9685415
13.5.2019 16:11;user2;40.780709;-73.9685415
25.5.2019 19:46;user2;40.655138;-73.9487755
25.5.2019 19:45;user2;40.655138;-73.9487755
25.5.2019 13:52;user2;40.655138;-73.9487755
24.5.2019 22:10;user2;40.655138;-73.9487755
25.5.2019 3:13;user2;40.655138;-73.9487755
25.5.2019 3:12;user2;40.655138;-73.9487755
25.5.2019 3:07;user2;40.655138;-73.9487755
24.5.2019 23:29;user2;40.655138;-73.9487755
24.5.2019 15:35;user2;40.780709;-73.9685415
24.5.2019 15:02;user2;40.780709;-73.9685415
24.5.2019 13:20;user2;40.780709;-73.9685415
24.5.2019 13:16;user2;40.780709;-73.9685415
22.5.2019 15:54;user2;30.3233457;-97.75472415
24.5.2019 13:14;user2;40.780709;-73.9685415
23.5.2019 16:34;user2;40.780709;-73.9685415
24.5.2019 13:09;user2;40.780709;-73.9685415
22.5.2019 3:39;user2;30.3233457;-97.75472415
23.5.2019 20:46;user2;40.780709;-73.9685415
23.5.2019 12:26;user2;40.780709;-73.9685415
23.5.2019 20:43;user2;40.780709;-73.9685415
22.5.2019 1:09;user2;30.3233457;-97.75472415
23.5.2019 16:57;user2;40.780709;-73.9685415
23.5.2019 16:55;user2;40.780709;-73.9685415
23.5.2019 16:55;user2;40.780709;-73.9685415
22.5.2019 22:20;user2;30.3233457;-97.75472415
22.5.2019 22:17;user2;30.3233457;-97.75472415
22.5.2019 15:59;user2;30.3233457;-97.75472415
22.5.2019 1:08;user2;30.3233457;-97.75472415
22.5.2019 0:49;user2;30.3233457;-97.75472415
22.5.2019 0:48;user2;30.3233457;-97.75472415
22.5.2019 0:46;user2;30.3233457;-97.75472415
21.5.2019 21:18;user2;30.3233457;-97.75472415
21.5.2019 9:23;user2;37.715782;-122.0664725
21.5.2019 3:14;user2;37.715782;-122.0664725
21.5.2019 3:09;user2;37.715782;-122.0664725
21.5.2019 3:08;user2;37.715782;-122.0664725
21.5.2019 3:07;user2;37.715782;-122.0664725
20.5.2019 23:32;user2;37.715782;-122.0664725
20.5.2019 5:34;user2;37.7706565;-122.4359785
20.5.2019 5:32;user2;37.7706565;-122.4359785
19.5.2019 18:06;user2;37.7706565;-122.4359785
14.5.2019 17:44;user2;40.780709;-73.9685415
20.5.2019 0:33;user2;37.7706565;-122.4359785
20.5.2019 0:17;user2;37.7706565;-122.4359785
20.5.2019 0:16;user2;37.7706565;-122.4359785
17.5.2019 22:49;user2;37.7706565;-122.4359785
17.5.2019 22:48;user2;37.7706565;-122.4359785
17.5.2019 22:48;user2;37.7706565;-122.4359785
17.5.2019 18:57;user2;37.7706565;-122.4359785
17.5.2019 18:54;user2;37.7706565;-122.4359785
17.5.2019 17:37;user2;37.7706565;-122.4359785
17.5.2019 17:36;user2;37.7706565;-122.4359785
14.5.2019 21:11;user2;40.780709;-73.9685415
15.5.2019 19:11;user2;40.780709;-73.9685415
15.5.2019 19:09;user2;40.780709;-73.9685415
14.5.2019 19:56;user2;40.780709;-73.9685415
14.5.2019 17:44;user2;40.780709;-73.9685415
14.5.2019 17:44;user2;40.780709;-73.9685415
14.5.2019 15:34;user2;40.780709;-73.9685415
14.5.2019 15:32;user2;40.780709;-73.9685415
14.5.2019 15:13;user2;40.780709;-73.9685415
7.2.2019 7:29;user2;37.7706565;-122.4359785
14.5.2019 15:12;user2;40.780709;-73.9685415
13.5.2019 16:15;user2;40.655138;-73.9487755
13.5.2019 16:12;user2;40.655138;-73.9487755
12.5.2019 20:37;user2;37.715782;-122.0664725
12.5.2019 20:35;user2;37.715782;-122.0664725
12.5.2019 20:34;user2;37.715782;-122.0664725
12.5.2019 16:19;user2;37.6412705;-122.0857755
11.5.2019 23:55;user2;37.6412705;-122.0857755
12.5.2019 16:18;user2;37.6412705;-122.0857755
12.5.2019 3:51;user2;37.6412705;-122.0857755
12.5.2019 3:00;user2;37.6412705;-122.0857755
12.5.2019 1:35;user2;37.6412705;-122.0857755
12.5.2019 1:31;user2;37.6412705;-122.0857755
12.5.2019 1:30;user2;37.6412705;-122.0857755
9.5.2019 15:08;user2;37.7919941;-122.2286855
12.5.2019 0:22;user2;37.6412705;-122.0857755
12.5.2019 0:21;user2;37.6412705;-122.0857755
12.5.2019 0:19;user2;37.6412705;-122.0857755
11.5.2019 23:54;user2;37.6412705;-122.0857755
5.12.2018 18:11;user2;37.7706565;-122.4359785
11.5.2019 20:05;user2;37.6412705;-122.0857755
11.5.2019 20:06;user2;37.6412705;-122.0857755
11.5.2019 18:16;user2;37.6412705;-122.0857755
11.5.2019 15:43;user2;37.6412705;-122.0857755
11.5.2019 15:38;user2;37.6412705;-122.0857755
11.5.2019 15:37;user2;37.6412705;-122.0857755
11.5.2019 15:36;user2;37.6412705;-122.0857755
11.5.2019 15:30;user2;37.6412705;-122.0857755
11.5.2019 5:41;user2;37.6412705;-122.0857755
11.5.2019 2:35;user2;37.6412705;-122.0857755
11.5.2019 2:27;user2;37.6412705;-122.0857755
11.5.2019 1:48;user2;37.6412705;-122.0857755
11.5.2019 1:36;user2;37.6412705;-122.0857755
11.5.2019 1:27;user2;37.6412705;-122.0857755
11.5.2019 1:35;user2;37.6412705;-122.0857755
11.5.2019 1:35;user2;37.6412705;-122.0857755
11.5.2019 1:35;user2;37.6412705;-122.0857755
11.5.2019 1:30;user2;37.6412705;-122.0857755
11.5.2019 1:29;user2;37.6412705;-122.0857755
